EMPLOYEE_ID,LASTNAME
123,Vollman
203,Mavris
165,Lee
113,Popp
155,Tuvault
161,Sewall
178,Grant
164,Marvins
172,Bates
171,Smith
160,Doran
154,Cambrault
111,Sciarra
112,Urman
122,Kaufling
120,Weiss
159,Smith
153,Olsen
121,Fripp
110,Chen
206,Gietz
177,Livingston
176,Taylor
175,Hutton
109,Faviet
103,Hunold
152,Hall
158,McEwen
157,Sully
151,Bernstein
163,Greene
170,Fox
169,Bloom
204,Baer
150,Tucker
156,King
162,Vishney
149,Zlotkey
148,Cambrault
114,Raphaely
174,Abel
168,Ozer
205,Higgins
108,Greenberg
147,Errazuriz
201,Hartstein
146,Partners
145,Russell
101,Kochhar
102,De Haan
100,King
